Usuario,Password
Alex4191,elmaspitudo123
Hola123,xxx123dfs
Juanito69,pass12345
Ingeniero,Inge445569
Alex4191,Holaheheh
LuisEnrique,pornhub69
ElKriss,HolaMundo123
SpinoJefe,SpinoJefe123
Comandante,Comandante7
Admin,Adminsdfffd
Messi,DiosDelFutbol10
Ninnette,Ninnette123
Witch,Halloween69
Jason,13thFriday
Usuario123,Usuario1234
Usuario444,Usuario4444
Antonio,KKKK12345
ElKevin,BarrioLoko18
Streamer,Streamer7895
Pan,PanconCafe123
Tostada,Tostada78956
Hugo,Hugo123sdf
XXXtentacion,XXXtentacion777
AuronPlay,AuronPlayYoutube123
hehe,hehehdfds
hahahha,hahahahdfs
malUsuario,usuariosdf
Repetidof,Repetido12f3
Repetido,Repetido123
UsuarioOnline,UsuarioOnline
Hackerman,Hackerman69
Pandillero,Pandillero69
Campero,Pollito7788
PizzaHut69,PizzaHut69
Admin123,Admin123fsdf
titoElBambino,TitoBamini
JulioKK,FatherFake123
DarthVader,StarWars1989
Sith,GuerreroOscuro
Hola123,jejejejjeje
Unicornio,Unicornio1
Xhamster,freeAcount10
Xvideos,Xvideos69
NachoconQueso_78,NachoconQueso1
Frijolitos,Frijolitos1
Eren,Shingeki45
Yotsuba,Quinquilliza5
Goku,DragonBallZ_78
Vegetta,Insecto789
Ozuna,ElNegritoOjosClaros
AnuelAA,Reggueton78
BadBunny,ConejoMalo78
Futbol,Futbol90gfdf
Lebron,Lakers23gd
Davis,DavisNo3gfd
Melo,CarmeloAntony15
Dybala,Joyita10gd
CarlosRuiz,Pescado20
Neymar,PSGmoneymaker10
Floyd,MoneyTeam777
kakarato,kakaroto78
Usuariot,Usuario_!78699
kakarato,ksfdsdfsdf
ElBromas,Guason2019